Scholastic,http://www.scholastic.com/,Activities and lessons to assist with teaching students language arts
Math Help @ Math Goodies,http://www.mathgoodies.com/,Interactive Math lessons  worksheets  and puzzles
Ad*Access,http://scriptorium.lib.duke.edu/adaccess/,Database of images and advertisements
Digital History,http://www.digitalhistory.uh.edu/,Learn about history through multimedia and reading documents
AAA Math,http://www.aaamath.com/,Interactive Math lessons and tutorials
Discovery Education,http://education.discovery.com/site/index.cfm,Interactive lessons  activities  and multimedia for all subject area
The Gilder Lehrman Institute of American History,http://www.gilderlehrman.org/,View rare documents and artifacts from history
Smithsonian Education,http://www.smithsonianeducation.org/index.html,Provides information and resources for teachers and students
Quia,http://www.quia.com/,Interactive Review Games
Brain Pop,http://www.brainpop.com/,Educational animated videos for kids
Digital StoryTelling,http://www.coe.uh.edu/digital-storytelling/,Introduction to creating digital storytelling
BBC Schools,http://www.bbc.co.uk/schools/,Educational video clips and activities
Archiving Early America,http://www.earlyamerica.com/,Watch videos and read about early Americans
National Library of Manipulatives,http://nlvm.usu.edu/en/nav/vlibrary.html,Use virtual math manipulatives
Way Back,http://pbskids.org/wayback/civilrights/index.html,U.S. History for Kids – Interactive activities and videos
ReadWriteThink: Student Materials,http://readwritethink.org/student_mat/index.asp,Many interactive tools to enhance reading and writing
Free Math Worksheets,http://www.math-drills.com/,Printable math worksheets
Fun Brain,http://www.funbrain.com/,Educational Games
Math Games and Activities,http://www.mathplayground.com/,Geometry activity that provides information and practice
SPS Quiznet/Jeopardy,http://www.sps.k12.va.us/schools/btwes/Jeopardy/JeopardyHomeEdition/PlayGame.html,Virginia History Jeopardy Games
The Educator’s Reference Desk,http://www.eduref.org/index.shtml,Write a lesson plan guide and pre-written lesson plans
The Lesson Plans Page,http://www.lessonplanspage.com/,Many pre-written lesson plans
Beacon Learning Center,http://www.beaconlearningcenter.com/,Interactive Lesson Plans for students
United Streaming,www.unitedstreaming.com,Online videos on a variety of topics
VA Pathways,http://www.vastudies.org/,Educational video series on Virginia History
Powerpoint in the classroom,http://www.actden.com/pp/,How to create a PowerPoint
Math TV,http://www.actionmath.com/index.html,Interactive math word problems and explanations
Primary Access,http://www.primaryaccess.org/index.htm,Create narrated slideshows
Woodlands Junior School,http://www.woodlands-junior.kent.sch.uk/,Interactive Activities for Students on a variety of topics
Figure This! Math Challenges,http://www.figurethis.org/index.html,Math Challenges for Families
