1,Scholastic,http://www.scholastic.com/,Activities and lessons to assist with teaching students language arts
2,Math Help @ Math Goodies,http://www.mathgoodies.com/,Interactive Math lessons  worksheets  and puzzles
3,Ad*Access,http://scriptorium.lib.duke.edu/adaccess/,Database of images and advertisements
4,Digital History,http://www.digitalhistory.uh.edu/,Learn about history through multimedia and reading documents
5,AAA Math,http://www.aaamath.com/,Interactive Math lessons and tutorials
6,Discovery Education,http://education.discovery.com/site/index.cfm,Interactive lessons  activities  and multimedia for all subject area
7,The Gilder Lehrman Institute of American History,http://www.gilderlehrman.org/,View rare documents and artifacts from history
8,Smithsonian Education,http://www.smithsonianeducation.org/index.html,Provides information and resources for teachers and students
9,Quia,http://www.quia.com/,Interactive Review Games
10,Brain Pop,http://www.brainpop.com/,Educational animated videos for kids
11,Digital StoryTelling,http://www.coe.uh.edu/digital-storytelling/,Introduction to creating digital storytelling
12,BBC Schools,http://www.bbc.co.uk/schools/,Educational video clips and activities
13,Archiving Early America,http://www.earlyamerica.com/,Watch videos and read about early Americans
14,National Library of Manipulatives,http://nlvm.usu.edu/en/nav/vlibrary.html,Use virtual math manipulatives
15,Way Back,http://pbskids.org/wayback/civilrights/index.html,U.S. History for Kids – Interactive activities and videos
16,ReadWriteThink: Student Materials,http://readwritethink.org/student_mat/index.asp,Many interactive tools to enhance reading and writing
17,Free Math Worksheets,http://www.math-drills.com/,Printable math worksheets
18,Fun Brain,http://www.funbrain.com/,Educational Games
19,Math Games and Activities,http://www.mathplayground.com/,Geometry activity that provides information and practice
20,SPS Quiznet/Jeopardy,http://www.sps.k12.va.us/schools/btwes/Jeopardy/JeopardyHomeEdition/PlayGame.html,Virginia History Jeopardy Games
21,The Educator’s Reference Desk,http://www.eduref.org/index.shtml,Write a lesson plan guide and pre-written lesson plans
22,The Lesson Plans Page,http://www.lessonplanspage.com/,Many pre-written lesson plans
23,Beacon Learning Center,http://www.beaconlearningcenter.com/,Interactive Lesson Plans for students
24,United Streaming,www.unitedstreaming.com,Online videos on a variety of topics
25,VA Pathways,http://www.vastudies.org/,Educational video series on Virginia History
26,Powerpoint in the classroom,http://www.actden.com/pp/,How to create a PowerPoint
27,Math TV,http://www.actionmath.com/index.html,Interactive math word problems and explanations
28,Primary Access,http://www.primaryaccess.org/index.htm,Create narrated slideshows
29,Woodlands Junior School,http://www.woodlands-junior.kent.sch.uk/,Interactive Activities for Students on a variety of topics
30,Figure This! Math Challenges,http://www.figurethis.org/index.html,Math Challenges for Families
