1,Classical Mythology,
1,Classical Mythology,2,Clara Callan,
1,Classical Mythology,2,Clara Callan,3,Decision in Normandy,
1,Classical Mythology,2,Clara Callan,3,Decision in Normandy,4,Flu  The Story of the Great Influenza Pandemic of 1918 and the Search for the Virus That Caused It,
1,Classical Mythology,2,Clara Callan,3,Decision in Normandy,4,Flu  The Story of the Great Influenza Pandemic of 1918 and the Search for the Virus That Caused It,5,The Mummies of Urumchi,
1,Classical Mythology,2,Clara Callan,3,Decision in Normandy,4,Flu  The Story of the Great Influenza Pandemic of 1918 and the Search for the Virus That Caused It,5,The Mummies of Urumchi,6,The Kitchen God's Wife,
1,Classical Mythology,2,Clara Callan,3,Decision in Normandy,4,Flu  The Story of the Great Influenza Pandemic of 1918 and the Search for the Virus That Caused It,5,The Mummies of Urumchi,6,The Kitchen God's Wife,7,What If?  The World's Foremost Military Historians Imagine What Might Have Been,
1,Classical Mythology,2,Clara Callan,3,Decision in Normandy,4,Flu  The Story of the Great Influenza Pandemic of 1918 and the Search for the Virus That Caused It,5,The Mummies of Urumchi,6,The Kitchen God's Wife,7,What If?  The World's Foremost Military Historians Imagine What Might Have Been,8,PLEADING GUILTY,
1,Classical Mythology,2,Clara Callan,3,Decision in Normandy,4,Flu  The Story of the Great Influenza Pandemic of 1918 and the Search for the Virus That Caused It,5,The Mummies of Urumchi,6,The Kitchen God's Wife,7,What If?  The World's Foremost Military Historians Imagine What Might Have Been,8,PLEADING GUILTY,9,Under the Black Flag  The Romance and the Reality of Life Among the Pirates,
1,Classical Mythology,2,Clara Callan,3,Decision in Normandy,4,Flu  The Story of the Great Influenza Pandemic of 1918 and the Search for the Virus That Caused It,5,The Mummies of Urumchi,6,The Kitchen God's Wife,7,What If?  The World's Foremost Military Historians Imagine What Might Have Been,8,PLEADING GUILTY,9,Under the Black Flag  The Romance and the Reality of Life Among the Pirates,10,Where You'll Find Me  And Other Stories,
1,Classical Mythology,2,Clara Callan,3,Decision in Normandy,4,Flu  The Story of the Great Influenza Pandemic of 1918 and the Search for the Virus That Caused It,5,The Mummies of Urumchi,6,The Kitchen God's Wife,7,What If?  The World's Foremost Military Historians Imagine What Might Have Been,8,PLEADING GUILTY,9,Under the Black Flag  The Romance and the Reality of Life Among the Pirates,10,Where You'll Find Me  And Other Stories,11,Nights Below Station Street,
1,Classical Mythology,2,Clara Callan,3,Decision in Normandy,4,Flu  The Story of the Great Influenza Pandemic of 1918 and the Search for the Virus That Caused It,5,The Mummies of Urumchi,6,The Kitchen God's Wife,7,What If?  The World's Foremost Military Historians Imagine What Might Have Been,8,PLEADING GUILTY,9,Under the Black Flag  The Romance and the Reality of Life Among the Pirates,10,Where You'll Find Me  And Other Stories,11,Nights Below Station Street,12,Hitler's Secret Bankers  The Myth of Swiss Neutrality During the Holocaust,
1,Classical Mythology,2,Clara Callan,3,Decision in Normandy,4,Flu  The Story of the Great Influenza Pandemic of 1918 and the Search for the Virus That Caused It,5,The Mummies of Urumchi,6,The Kitchen God's Wife,7,What If?  The World's Foremost Military Historians Imagine What Might Have Been,8,PLEADING GUILTY,9,Under the Black Flag  The Romance and the Reality of Life Among the Pirates,10,Where You'll Find Me  And Other Stories,11,Nights Below Station Street,12,Hitler's Secret Bankers  The Myth of Swiss Neutrality During the Holocaust,13,The Middle Stories,
1,Classical Mythology,2,Clara Callan,3,Decision in Normandy,4,Flu  The Story of the Great Influenza Pandemic of 1918 and the Search for the Virus That Caused It,5,The Mummies of Urumchi,6,The Kitchen God's Wife,7,What If?  The World's Foremost Military Historians Imagine What Might Have Been,8,PLEADING GUILTY,9,Under the Black Flag  The Romance and the Reality of Life Among the Pirates,10,Where You'll Find Me  And Other Stories,11,Nights Below Station Street,12,Hitler's Secret Bankers  The Myth of Swiss Neutrality During the Holocaust,13,The Middle Stories,14,Jane Doe,
1,Classical Mythology,2,Clara Callan,3,Decision in Normandy,4,Flu  The Story of the Great Influenza Pandemic of 1918 and the Search for the Virus That Caused It,5,The Mummies of Urumchi,6,The Kitchen God's Wife,7,What If?  The World's Foremost Military Historians Imagine What Might Have Been,8,PLEADING GUILTY,9,Under the Black Flag  The Romance and the Reality of Life Among the Pirates,10,Where You'll Find Me  And Other Stories,11,Nights Below Station Street,12,Hitler's Secret Bankers  The Myth of Swiss Neutrality During the Holocaust,13,The Middle Stories,14,Jane Doe,15,A Second Chicken Soup for the Woman's Soul Chicken Soup for the Soul Series,
1,Classical Mythology,2,Clara Callan,3,Decision in Normandy,4,Flu  The Story of the Great Influenza Pandemic of 1918 and the Search for the Virus That Caused It,5,The Mummies of Urumchi,6,The Kitchen God's Wife,7,What If?  The World's Foremost Military Historians Imagine What Might Have Been,8,PLEADING GUILTY,9,Under the Black Flag  The Romance and the Reality of Life Among the Pirates,10,Where You'll Find Me  And Other Stories,11,Nights Below Station Street,12,Hitler's Secret Bankers  The Myth of Swiss Neutrality During the Holocaust,13,The Middle Stories,14,Jane Doe,15,A Second Chicken Soup for the Woman's Soul Chicken Soup for the Soul Series,16,The Witchfinder Amos Walker Mystery Series,
1,Classical Mythology,2,Clara Callan,3,Decision in Normandy,4,Flu  The Story of the Great Influenza Pandemic of 1918 and the Search for the Virus That Caused It,5,The Mummies of Urumchi,6,The Kitchen God's Wife,7,What If?  The World's Foremost Military Historians Imagine What Might Have Been,8,PLEADING GUILTY,9,Under the Black Flag  The Romance and the Reality of Life Among the Pirates,10,Where You'll Find Me  And Other Stories,11,Nights Below Station Street,12,Hitler's Secret Bankers  The Myth of Swiss Neutrality During the Holocaust,13,The Middle Stories,14,Jane Doe,15,A Second Chicken Soup for the Woman's Soul Chicken Soup for the Soul Series,16,The Witchfinder Amos Walker Mystery Series,17,More Cunning Than Man  A Social History of Rats and Man,
1,Classical Mythology,2,Clara Callan,3,Decision in Normandy,4,Flu  The Story of the Great Influenza Pandemic of 1918 and the Search for the Virus That Caused It,5,The Mummies of Urumchi,6,The Kitchen God's Wife,7,What If?  The World's Foremost Military Historians Imagine What Might Have Been,8,PLEADING GUILTY,9,Under the Black Flag  The Romance and the Reality of Life Among the Pirates,10,Where You'll Find Me  And Other Stories,11,Nights Below Station Street,12,Hitler's Secret Bankers  The Myth of Swiss Neutrality During the Holocaust,13,The Middle Stories,14,Jane Doe,15,A Second Chicken Soup for the Woman's Soul Chicken Soup for the Soul Series,16,The Witchfinder Amos Walker Mystery Series,17,More Cunning Than Man  A Social History of Rats and Man,18,Goodbye to the Buttermilk Sky,
1,Classical Mythology,2,Clara Callan,3,Decision in Normandy,4,Flu  The Story of the Great Influenza Pandemic of 1918 and the Search for the Virus That Caused It,5,The Mummies of Urumchi,6,The Kitchen God's Wife,7,What If?  The World's Foremost Military Historians Imagine What Might Have Been,8,PLEADING GUILTY,9,Under the Black Flag  The Romance and the Reality of Life Among the Pirates,10,Where You'll Find Me  And Other Stories,11,Nights Below Station Street,12,Hitler's Secret Bankers  The Myth of Swiss Neutrality During the Holocaust,13,The Middle Stories,14,Jane Doe,15,A Second Chicken Soup for the Woman's Soul Chicken Soup for the Soul Series,16,The Witchfinder Amos Walker Mystery Series,17,More Cunning Than Man  A Social History of Rats and Man,18,Goodbye to the Buttermilk Sky,19,The Testament,
1,Classical Mythology,2,Clara Callan,3,Decision in Normandy,4,Flu  The Story of the Great Influenza Pandemic of 1918 and the Search for the Virus That Caused It,5,The Mummies of Urumchi,6,The Kitchen God's Wife,7,What If?  The World's Foremost Military Historians Imagine What Might Have Been,8,PLEADING GUILTY,9,Under the Black Flag  The Romance and the Reality of Life Among the Pirates,10,Where You'll Find Me  And Other Stories,11,Nights Below Station Street,12,Hitler's Secret Bankers  The Myth of Swiss Neutrality During the Holocaust,13,The Middle Stories,14,Jane Doe,15,A Second Chicken Soup for the Woman's Soul Chicken Soup for the Soul Series,16,The Witchfinder Amos Walker Mystery Series,17,More Cunning Than Man  A Social History of Rats and Man,18,Goodbye to the Buttermilk Sky,19,The Testament,20,Beloved Plume Contemporary Fiction,
1,Classical Mythology,2,Clara Callan,3,Decision in Normandy,4,Flu  The Story of the Great Influenza Pandemic of 1918 and the Search for the Virus That Caused It,5,The Mummies of Urumchi,6,The Kitchen God's Wife,7,What If?  The World's Foremost Military Historians Imagine What Might Have Been,8,PLEADING GUILTY,9,Under the Black Flag  The Romance and the Reality of Life Among the Pirates,10,Where You'll Find Me  And Other Stories,11,Nights Below Station Street,12,Hitler's Secret Bankers  The Myth of Swiss Neutrality During the Holocaust,13,The Middle Stories,14,Jane Doe,15,A Second Chicken Soup for the Woman's Soul Chicken Soup for the Soul Series,16,The Witchfinder Amos Walker Mystery Series,17,More Cunning Than Man  A Social History of Rats and Man,18,Goodbye to the Buttermilk Sky,19,The Testament,20,Beloved Plume Contemporary Fiction,21,Our Dumb Century  The Onion Presents 100 Years of Headlines from America's Finest News Source,
1,Classical Mythology,2,Clara Callan,3,Decision in Normandy,4,Flu  The Story of the Great Influenza Pandemic of 1918 and the Search for the Virus That Caused It,5,The Mummies of Urumchi,6,The Kitchen God's Wife,7,What If?  The World's Foremost Military Historians Imagine What Might Have Been,8,PLEADING GUILTY,9,Under the Black Flag  The Romance and the Reality of Life Among the Pirates,10,Where You'll Find Me  And Other Stories,11,Nights Below Station Street,12,Hitler's Secret Bankers  The Myth of Swiss Neutrality During the Holocaust,13,The Middle Stories,14,Jane Doe,15,A Second Chicken Soup for the Woman's Soul Chicken Soup for the Soul Series,16,The Witchfinder Amos Walker Mystery Series,17,More Cunning Than Man  A Social History of Rats and Man,18,Goodbye to the Buttermilk Sky,19,The Testament,20,Beloved Plume Contemporary Fiction,21,Our Dumb Century  The Onion Presents 100 Years of Headlines from America's Finest News Source,22,New Vegetarian  Bold and Beautiful Recipes for Every Occasion,
1,Classical Mythology,2,Clara Callan,3,Decision in Normandy,4,Flu  The Story of the Great Influenza Pandemic of 1918 and the Search for the Virus That Caused It,5,The Mummies of Urumchi,6,The Kitchen God's Wife,7,What If?  The World's Foremost Military Historians Imagine What Might Have Been,8,PLEADING GUILTY,9,Under the Black Flag  The Romance and the Reality of Life Among the Pirates,10,Where You'll Find Me  And Other Stories,11,Nights Below Station Street,12,Hitler's Secret Bankers  The Myth of Swiss Neutrality During the Holocaust,13,The Middle Stories,14,Jane Doe,15,A Second Chicken Soup for the Woman's Soul Chicken Soup for the Soul Series,16,The Witchfinder Amos Walker Mystery Series,17,More Cunning Than Man  A Social History of Rats and Man,18,Goodbye to the Buttermilk Sky,19,The Testament,20,Beloved Plume Contemporary Fiction,21,Our Dumb Century  The Onion Presents 100 Years of Headlines from America's Finest News Source,22,New Vegetarian  Bold and Beautiful Recipes for Every Occasion,23,If I'd Known Then What I Know Now  Why Not Learn from the Mistakes of Others?   You Can't Afford to Make Them All Yourself,
1,Classical Mythology,2,Clara Callan,3,Decision in Normandy,4,Flu  The Story of the Great Influenza Pandemic of 1918 and the Search for the Virus That Caused It,5,The Mummies of Urumchi,6,The Kitchen God's Wife,7,What If?  The World's Foremost Military Historians Imagine What Might Have Been,8,PLEADING GUILTY,9,Under the Black Flag  The Romance and the Reality of Life Among the Pirates,10,Where You'll Find Me  And Other Stories,11,Nights Below Station Street,12,Hitler's Secret Bankers  The Myth of Swiss Neutrality During the Holocaust,13,The Middle Stories,14,Jane Doe,15,A Second Chicken Soup for the Woman's Soul Chicken Soup for the Soul Series,16,The Witchfinder Amos Walker Mystery Series,17,More Cunning Than Man  A Social History of Rats and Man,18,Goodbye to the Buttermilk Sky,19,The Testament,20,Beloved Plume Contemporary Fiction,21,Our Dumb Century  The Onion Presents 100 Years of Headlines from America's Finest News Source,22,New Vegetarian  Bold and Beautiful Recipes for Every Occasion,23,If I'd Known Then What I Know Now  Why Not Learn from the Mistakes of Others?   You Can't Afford to Make Them All Yourself,24,Mary-Kate ,
1,Classical Mythology,2,Clara Callan,3,Decision in Normandy,4,Flu  The Story of the Great Influenza Pandemic of 1918 and the Search for the Virus That Caused It,5,The Mummies of Urumchi,6,The Kitchen God's Wife,7,What If?  The World's Foremost Military Historians Imagine What Might Have Been,8,PLEADING GUILTY,9,Under the Black Flag  The Romance and the Reality of Life Among the Pirates,10,Where You'll Find Me  And Other Stories,11,Nights Below Station Street,12,Hitler's Secret Bankers  The Myth of Swiss Neutrality During the Holocaust,13,The Middle Stories,14,Jane Doe,15,A Second Chicken Soup for the Woman's Soul Chicken Soup for the Soul Series,16,The Witchfinder Amos Walker Mystery Series,17,More Cunning Than Man  A Social History of Rats and Man,18,Goodbye to the Buttermilk Sky,19,The Testament,20,Beloved Plume Contemporary Fiction,21,Our Dumb Century  The Onion Presents 100 Years of Headlines from America's Finest News Source,22,New Vegetarian  Bold and Beautiful Recipes for Every Occasion,23,If I'd Known Then What I Know Now  Why Not Learn from the Mistakes of Others?   You Can't Afford to Make Them All Yourself,24,Mary-Kate ,25,Tell Me This Isn't Happening,
1,Classical Mythology,2,Clara Callan,3,Decision in Normandy,4,Flu  The Story of the Great Influenza Pandemic of 1918 and the Search for the Virus That Caused It,5,The Mummies of Urumchi,6,The Kitchen God's Wife,7,What If?  The World's Foremost Military Historians Imagine What Might Have Been,8,PLEADING GUILTY,9,Under the Black Flag  The Romance and the Reality of Life Among the Pirates,10,Where You'll Find Me  And Other Stories,11,Nights Below Station Street,12,Hitler's Secret Bankers  The Myth of Swiss Neutrality During the Holocaust,13,The Middle Stories,14,Jane Doe,15,A Second Chicken Soup for the Woman's Soul Chicken Soup for the Soul Series,16,The Witchfinder Amos Walker Mystery Series,17,More Cunning Than Man  A Social History of Rats and Man,18,Goodbye to the Buttermilk Sky,19,The Testament,20,Beloved Plume Contemporary Fiction,21,Our Dumb Century  The Onion Presents 100 Years of Headlines from America's Finest News Source,22,New Vegetarian  Bold and Beautiful Recipes for Every Occasion,23,If I'd Known Then What I Know Now  Why Not Learn from the Mistakes of Others?   You Can't Afford to Make Them All Yourself,24,Mary-Kate ,25,Tell Me This Isn't Happening,26,Flood   Mississippi 1927,
1,Classical Mythology,2,Clara Callan,3,Decision in Normandy,4,Flu  The Story of the Great Influenza Pandemic of 1918 and the Search for the Virus That Caused It,5,The Mummies of Urumchi,6,The Kitchen God's Wife,7,What If?  The World's Foremost Military Historians Imagine What Might Have Been,8,PLEADING GUILTY,9,Under the Black Flag  The Romance and the Reality of Life Among the Pirates,10,Where You'll Find Me  And Other Stories,11,Nights Below Station Street,12,Hitler's Secret Bankers  The Myth of Swiss Neutrality During the Holocaust,13,The Middle Stories,14,Jane Doe,15,A Second Chicken Soup for the Woman's Soul Chicken Soup for the Soul Series,16,The Witchfinder Amos Walker Mystery Series,17,More Cunning Than Man  A Social History of Rats and Man,18,Goodbye to the Buttermilk Sky,19,The Testament,20,Beloved Plume Contemporary Fiction,21,Our Dumb Century  The Onion Presents 100 Years of Headlines from America's Finest News Source,22,New Vegetarian  Bold and Beautiful Recipes for Every Occasion,23,If I'd Known Then What I Know Now  Why Not Learn from the Mistakes of Others?   You Can't Afford to Make Them All Yourself,24,Mary-Kate ,25,Tell Me This Isn't Happening,26,Flood   Mississippi 1927,27,Wild Animus,
1,Classical Mythology,2,Clara Callan,3,Decision in Normandy,4,Flu  The Story of the Great Influenza Pandemic of 1918 and the Search for the Virus That Caused It,5,The Mummies of Urumchi,6,The Kitchen God's Wife,7,What If?  The World's Foremost Military Historians Imagine What Might Have Been,8,PLEADING GUILTY,9,Under the Black Flag  The Romance and the Reality of Life Among the Pirates,10,Where You'll Find Me  And Other Stories,11,Nights Below Station Street,12,Hitler's Secret Bankers  The Myth of Swiss Neutrality During the Holocaust,13,The Middle Stories,14,Jane Doe,15,A Second Chicken Soup for the Woman's Soul Chicken Soup for the Soul Series,16,The Witchfinder Amos Walker Mystery Series,17,More Cunning Than Man  A Social History of Rats and Man,18,Goodbye to the Buttermilk Sky,19,The Testament,20,Beloved Plume Contemporary Fiction,21,Our Dumb Century  The Onion Presents 100 Years of Headlines from America's Finest News Source,22,New Vegetarian  Bold and Beautiful Recipes for Every Occasion,23,If I'd Known Then What I Know Now  Why Not Learn from the Mistakes of Others?   You Can't Afford to Make Them All Yourself,24,Mary-Kate ,25,Tell Me This Isn't Happening,26,Flood   Mississippi 1927,27,Wild Animus,28,Airframe,
1,Classical Mythology,2,Clara Callan,3,Decision in Normandy,4,Flu  The Story of the Great Influenza Pandemic of 1918 and the Search for the Virus That Caused It,5,The Mummies of Urumchi,6,The Kitchen God's Wife,7,What If?  The World's Foremost Military Historians Imagine What Might Have Been,8,PLEADING GUILTY,9,Under the Black Flag  The Romance and the Reality of Life Among the Pirates,10,Where You'll Find Me  And Other Stories,11,Nights Below Station Street,12,Hitler's Secret Bankers  The Myth of Swiss Neutrality During the Holocaust,13,The Middle Stories,14,Jane Doe,15,A Second Chicken Soup for the Woman's Soul Chicken Soup for the Soul Series,16,The Witchfinder Amos Walker Mystery Series,17,More Cunning Than Man  A Social History of Rats and Man,18,Goodbye to the Buttermilk Sky,19,The Testament,20,Beloved Plume Contemporary Fiction,21,Our Dumb Century  The Onion Presents 100 Years of Headlines from America's Finest News Source,22,New Vegetarian  Bold and Beautiful Recipes for Every Occasion,23,If I'd Known Then What I Know Now  Why Not Learn from the Mistakes of Others?   You Can't Afford to Make Them All Yourself,24,Mary-Kate ,25,Tell Me This Isn't Happening,26,Flood   Mississippi 1927,27,Wild Animus,28,Airframe,29,Timeline,
1,Classical Mythology,2,Clara Callan,3,Decision in Normandy,4,Flu  The Story of the Great Influenza Pandemic of 1918 and the Search for the Virus That Caused It,5,The Mummies of Urumchi,6,The Kitchen God's Wife,7,What If?  The World's Foremost Military Historians Imagine What Might Have Been,8,PLEADING GUILTY,9,Under the Black Flag  The Romance and the Reality of Life Among the Pirates,10,Where You'll Find Me  And Other Stories,11,Nights Below Station Street,12,Hitler's Secret Bankers  The Myth of Swiss Neutrality During the Holocaust,13,The Middle Stories,14,Jane Doe,15,A Second Chicken Soup for the Woman's Soul Chicken Soup for the Soul Series,16,The Witchfinder Amos Walker Mystery Series,17,More Cunning Than Man  A Social History of Rats and Man,18,Goodbye to the Buttermilk Sky,19,The Testament,20,Beloved Plume Contemporary Fiction,21,Our Dumb Century  The Onion Presents 100 Years of Headlines from America's Finest News Source,22,New Vegetarian  Bold and Beautiful Recipes for Every Occasion,23,If I'd Known Then What I Know Now  Why Not Learn from the Mistakes of Others?   You Can't Afford to Make Them All Yourself,24,Mary-Kate ,25,Tell Me This Isn't Happening,26,Flood   Mississippi 1927,27,Wild Animus,28,Airframe,29,Timeline,30,OUT OF THE SILENT PLANET,
1,Classical Mythology,2,Clara Callan,3,Decision in Normandy,4,Flu  The Story of the Great Influenza Pandemic of 1918 and the Search for the Virus That Caused It,5,The Mummies of Urumchi,6,The Kitchen God's Wife,7,What If?  The World's Foremost Military Historians Imagine What Might Have Been,8,PLEADING GUILTY,9,Under the Black Flag  The Romance and the Reality of Life Among the Pirates,10,Where You'll Find Me  And Other Stories,11,Nights Below Station Street,12,Hitler's Secret Bankers  The Myth of Swiss Neutrality During the Holocaust,13,The Middle Stories,14,Jane Doe,15,A Second Chicken Soup for the Woman's Soul Chicken Soup for the Soul Series,16,The Witchfinder Amos Walker Mystery Series,17,More Cunning Than Man  A Social History of Rats and Man,18,Goodbye to the Buttermilk Sky,19,The Testament,20,Beloved Plume Contemporary Fiction,21,Our Dumb Century  The Onion Presents 100 Years of Headlines from America's Finest News Source,22,New Vegetarian  Bold and Beautiful Recipes for Every Occasion,23,If I'd Known Then What I Know Now  Why Not Learn from the Mistakes of Others?   You Can't Afford to Make Them All Yourself,24,Mary-Kate ,25,Tell Me This Isn't Happening,26,Flood   Mississippi 1927,27,Wild Animus,28,Airframe,29,Timeline,30,OUT OF THE SILENT PLANET,31,Prague   A Novel,
1,Classical Mythology,2,Clara Callan,3,Decision in Normandy,4,Flu  The Story of the Great Influenza Pandemic of 1918 and the Search for the Virus That Caused It,5,The Mummies of Urumchi,6,The Kitchen God's Wife,7,What If?  The World's Foremost Military Historians Imagine What Might Have Been,8,PLEADING GUILTY,9,Under the Black Flag  The Romance and the Reality of Life Among the Pirates,10,Where You'll Find Me  And Other Stories,11,Nights Below Station Street,12,Hitler's Secret Bankers  The Myth of Swiss Neutrality During the Holocaust,13,The Middle Stories,14,Jane Doe,15,A Second Chicken Soup for the Woman's Soul Chicken Soup for the Soul Series,16,The Witchfinder Amos Walker Mystery Series,17,More Cunning Than Man  A Social History of Rats and Man,18,Goodbye to the Buttermilk Sky,19,The Testament,20,Beloved Plume Contemporary Fiction,21,Our Dumb Century  The Onion Presents 100 Years of Headlines from America's Finest News Source,22,New Vegetarian  Bold and Beautiful Recipes for Every Occasion,23,If I'd Known Then What I Know Now  Why Not Learn from the Mistakes of Others?   You Can't Afford to Make Them All Yourself,24,Mary-Kate ,25,Tell Me This Isn't Happening,26,Flood   Mississippi 1927,27,Wild Animus,28,Airframe,29,Timeline,30,OUT OF THE SILENT PLANET,31,Prague   A Novel,32,Chocolate Jesus,
1,Classical Mythology,2,Clara Callan,3,Decision in Normandy,4,Flu  The Story of the Great Influenza Pandemic of 1918 and the Search for the Virus That Caused It,5,The Mummies of Urumchi,6,The Kitchen God's Wife,7,What If?  The World's Foremost Military Historians Imagine What Might Have Been,8,PLEADING GUILTY,9,Under the Black Flag  The Romance and the Reality of Life Among the Pirates,10,Where You'll Find Me  And Other Stories,11,Nights Below Station Street,12,Hitler's Secret Bankers  The Myth of Swiss Neutrality During the Holocaust,13,The Middle Stories,14,Jane Doe,15,A Second Chicken Soup for the Woman's Soul Chicken Soup for the Soul Series,16,The Witchfinder Amos Walker Mystery Series,17,More Cunning Than Man  A Social History of Rats and Man,18,Goodbye to the Buttermilk Sky,19,The Testament,20,Beloved Plume Contemporary Fiction,21,Our Dumb Century  The Onion Presents 100 Years of Headlines from America's Finest News Source,22,New Vegetarian  Bold and Beautiful Recipes for Every Occasion,23,If I'd Known Then What I Know Now  Why Not Learn from the Mistakes of Others?   You Can't Afford to Make Them All Yourself,24,Mary-Kate ,25,Tell Me This Isn't Happening,26,Flood   Mississippi 1927,27,Wild Animus,28,Airframe,29,Timeline,30,OUT OF THE SILENT PLANET,31,Prague   A Novel,32,Chocolate Jesus,33,Wie Barney es sieht.,
1,Classical Mythology,2,Clara Callan,3,Decision in Normandy,4,Flu  The Story of the Great Influenza Pandemic of 1918 and the Search for the Virus That Caused It,5,The Mummies of Urumchi,6,The Kitchen God's Wife,7,What If?  The World's Foremost Military Historians Imagine What Might Have Been,8,PLEADING GUILTY,9,Under the Black Flag  The Romance and the Reality of Life Among the Pirates,10,Where You'll Find Me  And Other Stories,11,Nights Below Station Street,12,Hitler's Secret Bankers  The Myth of Swiss Neutrality During the Holocaust,13,The Middle Stories,14,Jane Doe,15,A Second Chicken Soup for the Woman's Soul Chicken Soup for the Soul Series,16,The Witchfinder Amos Walker Mystery Series,17,More Cunning Than Man  A Social History of Rats and Man,18,Goodbye to the Buttermilk Sky,19,The Testament,20,Beloved Plume Contemporary Fiction,21,Our Dumb Century  The Onion Presents 100 Years of Headlines from America's Finest News Source,22,New Vegetarian  Bold and Beautiful Recipes for Every Occasion,23,If I'd Known Then What I Know Now  Why Not Learn from the Mistakes of Others?   You Can't Afford to Make Them All Yourself,24,Mary-Kate ,25,Tell Me This Isn't Happening,26,Flood   Mississippi 1927,27,Wild Animus,28,Airframe,29,Timeline,30,OUT OF THE SILENT PLANET,31,Prague   A Novel,32,Chocolate Jesus,33,Wie Barney es sieht.,34,Der Fluch der Kaiserin. Ein Richter- Di- Roman.,
1,Classical Mythology,2,Clara Callan,3,Decision in Normandy,4,Flu  The Story of the Great Influenza Pandemic of 1918 and the Search for the Virus That Caused It,5,The Mummies of Urumchi,6,The Kitchen God's Wife,7,What If?  The World's Foremost Military Historians Imagine What Might Have Been,8,PLEADING GUILTY,9,Under the Black Flag  The Romance and the Reality of Life Among the Pirates,10,Where You'll Find Me  And Other Stories,11,Nights Below Station Street,12,Hitler's Secret Bankers  The Myth of Swiss Neutrality During the Holocaust,13,The Middle Stories,14,Jane Doe,15,A Second Chicken Soup for the Woman's Soul Chicken Soup for the Soul Series,16,The Witchfinder Amos Walker Mystery Series,17,More Cunning Than Man  A Social History of Rats and Man,18,Goodbye to the Buttermilk Sky,19,The Testament,20,Beloved Plume Contemporary Fiction,21,Our Dumb Century  The Onion Presents 100 Years of Headlines from America's Finest News Source,22,New Vegetarian  Bold and Beautiful Recipes for Every Occasion,23,If I'd Known Then What I Know Now  Why Not Learn from the Mistakes of Others?   You Can't Afford to Make Them All Yourself,24,Mary-Kate ,25,Tell Me This Isn't Happening,26,Flood   Mississippi 1927,27,Wild Animus,28,Airframe,29,Timeline,30,OUT OF THE SILENT PLANET,31,Prague   A Novel,32,Chocolate Jesus,33,Wie Barney es sieht.,34,Der Fluch der Kaiserin. Ein Richter- Di- Roman.,35,Sturmzeit. Roman.,
1,Classical Mythology,2,Clara Callan,3,Decision in Normandy,4,Flu  The Story of the Great Influenza Pandemic of 1918 and the Search for the Virus That Caused It,5,The Mummies of Urumchi,6,The Kitchen God's Wife,7,What If?  The World's Foremost Military Historians Imagine What Might Have Been,8,PLEADING GUILTY,9,Under the Black Flag  The Romance and the Reality of Life Among the Pirates,10,Where You'll Find Me  And Other Stories,11,Nights Below Station Street,12,Hitler's Secret Bankers  The Myth of Swiss Neutrality During the Holocaust,13,The Middle Stories,14,Jane Doe,15,A Second Chicken Soup for the Woman's Soul Chicken Soup for the Soul Series,16,The Witchfinder Amos Walker Mystery Series,17,More Cunning Than Man  A Social History of Rats and Man,18,Goodbye to the Buttermilk Sky,19,The Testament,20,Beloved Plume Contemporary Fiction,21,Our Dumb Century  The Onion Presents 100 Years of Headlines from America's Finest News Source,22,New Vegetarian  Bold and Beautiful Recipes for Every Occasion,23,If I'd Known Then What I Know Now  Why Not Learn from the Mistakes of Others?   You Can't Afford to Make Them All Yourself,24,Mary-Kate ,25,Tell Me This Isn't Happening,26,Flood   Mississippi 1927,27,Wild Animus,28,Airframe,29,Timeline,30,OUT OF THE SILENT PLANET,31,Prague   A Novel,32,Chocolate Jesus,33,Wie Barney es sieht.,34,Der Fluch der Kaiserin. Ein Richter- Di- Roman.,35,Sturmzeit. Roman.,36,Tage der Unschuld.,
1,Classical Mythology,2,Clara Callan,3,Decision in Normandy,4,Flu  The Story of the Great Influenza Pandemic of 1918 and the Search for the Virus That Caused It,5,The Mummies of Urumchi,6,The Kitchen God's Wife,7,What If?  The World's Foremost Military Historians Imagine What Might Have Been,8,PLEADING GUILTY,9,Under the Black Flag  The Romance and the Reality of Life Among the Pirates,10,Where You'll Find Me  And Other Stories,11,Nights Below Station Street,12,Hitler's Secret Bankers  The Myth of Swiss Neutrality During the Holocaust,13,The Middle Stories,14,Jane Doe,15,A Second Chicken Soup for the Woman's Soul Chicken Soup for the Soul Series,16,The Witchfinder Amos Walker Mystery Series,17,More Cunning Than Man  A Social History of Rats and Man,18,Goodbye to the Buttermilk Sky,19,The Testament,20,Beloved Plume Contemporary Fiction,21,Our Dumb Century  The Onion Presents 100 Years of Headlines from America's Finest News Source,22,New Vegetarian  Bold and Beautiful Recipes for Every Occasion,23,If I'd Known Then What I Know Now  Why Not Learn from the Mistakes of Others?   You Can't Afford to Make Them All Yourself,24,Mary-Kate ,25,Tell Me This Isn't Happening,26,Flood   Mississippi 1927,27,Wild Animus,28,Airframe,29,Timeline,30,OUT OF THE SILENT PLANET,31,Prague   A Novel,32,Chocolate Jesus,33,Wie Barney es sieht.,34,Der Fluch der Kaiserin. Ein Richter- Di- Roman.,35,Sturmzeit. Roman.,36,Tage der Unschuld.,37,Lying Awake,
1,Classical Mythology,2,Clara Callan,3,Decision in Normandy,4,Flu  The Story of the Great Influenza Pandemic of 1918 and the Search for the Virus That Caused It,5,The Mummies of Urumchi,6,The Kitchen God's Wife,7,What If?  The World's Foremost Military Historians Imagine What Might Have Been,8,PLEADING GUILTY,9,Under the Black Flag  The Romance and the Reality of Life Among the Pirates,10,Where You'll Find Me  And Other Stories,11,Nights Below Station Street,12,Hitler's Secret Bankers  The Myth of Swiss Neutrality During the Holocaust,13,The Middle Stories,14,Jane Doe,15,A Second Chicken Soup for the Woman's Soul Chicken Soup for the Soul Series,16,The Witchfinder Amos Walker Mystery Series,17,More Cunning Than Man  A Social History of Rats and Man,18,Goodbye to the Buttermilk Sky,19,The Testament,20,Beloved Plume Contemporary Fiction,21,Our Dumb Century  The Onion Presents 100 Years of Headlines from America's Finest News Source,22,New Vegetarian  Bold and Beautiful Recipes for Every Occasion,23,If I'd Known Then What I Know Now  Why Not Learn from the Mistakes of Others?   You Can't Afford to Make Them All Yourself,24,Mary-Kate ,25,Tell Me This Isn't Happening,26,Flood   Mississippi 1927,27,Wild Animus,28,Airframe,29,Timeline,30,OUT OF THE SILENT PLANET,31,Prague   A Novel,32,Chocolate Jesus,33,Wie Barney es sieht.,34,Der Fluch der Kaiserin. Ein Richter- Di- Roman.,35,Sturmzeit. Roman.,36,Tage der Unschuld.,37,Lying Awake,38,To Kill a Mockingbird,
1,Classical Mythology,2,Clara Callan,3,Decision in Normandy,4,Flu  The Story of the Great Influenza Pandemic of 1918 and the Search for the Virus That Caused It,5,The Mummies of Urumchi,6,The Kitchen God's Wife,7,What If?  The World's Foremost Military Historians Imagine What Might Have Been,8,PLEADING GUILTY,9,Under the Black Flag  The Romance and the Reality of Life Among the Pirates,10,Where You'll Find Me  And Other Stories,11,Nights Below Station Street,12,Hitler's Secret Bankers  The Myth of Swiss Neutrality During the Holocaust,13,The Middle Stories,14,Jane Doe,15,A Second Chicken Soup for the Woman's Soul Chicken Soup for the Soul Series,16,The Witchfinder Amos Walker Mystery Series,17,More Cunning Than Man  A Social History of Rats and Man,18,Goodbye to the Buttermilk Sky,19,The Testament,20,Beloved Plume Contemporary Fiction,21,Our Dumb Century  The Onion Presents 100 Years of Headlines from America's Finest News Source,22,New Vegetarian  Bold and Beautiful Recipes for Every Occasion,23,If I'd Known Then What I Know Now  Why Not Learn from the Mistakes of Others?   You Can't Afford to Make Them All Yourself,24,Mary-Kate ,25,Tell Me This Isn't Happening,26,Flood   Mississippi 1927,27,Wild Animus,28,Airframe,29,Timeline,30,OUT OF THE SILENT PLANET,31,Prague   A Novel,32,Chocolate Jesus,33,Wie Barney es sieht.,34,Der Fluch der Kaiserin. Ein Richter- Di- Roman.,35,Sturmzeit. Roman.,36,Tage der Unschuld.,37,Lying Awake,38,To Kill a Mockingbird,39,Seabiscuit  An American Legend,
1,Classical Mythology,2,Clara Callan,3,Decision in Normandy,4,Flu  The Story of the Great Influenza Pandemic of 1918 and the Search for the Virus That Caused It,5,The Mummies of Urumchi,6,The Kitchen God's Wife,7,What If?  The World's Foremost Military Historians Imagine What Might Have Been,8,PLEADING GUILTY,9,Under the Black Flag  The Romance and the Reality of Life Among the Pirates,10,Where You'll Find Me  And Other Stories,11,Nights Below Station Street,12,Hitler's Secret Bankers  The Myth of Swiss Neutrality During the Holocaust,13,The Middle Stories,14,Jane Doe,15,A Second Chicken Soup for the Woman's Soul Chicken Soup for the Soul Series,16,The Witchfinder Amos Walker Mystery Series,17,More Cunning Than Man  A Social History of Rats and Man,18,Goodbye to the Buttermilk Sky,19,The Testament,20,Beloved Plume Contemporary Fiction,21,Our Dumb Century  The Onion Presents 100 Years of Headlines from America's Finest News Source,22,New Vegetarian  Bold and Beautiful Recipes for Every Occasion,23,If I'd Known Then What I Know Now  Why Not Learn from the Mistakes of Others?   You Can't Afford to Make Them All Yourself,24,Mary-Kate ,25,Tell Me This Isn't Happening,26,Flood   Mississippi 1927,27,Wild Animus,28,Airframe,29,Timeline,30,OUT OF THE SILENT PLANET,31,Prague   A Novel,32,Chocolate Jesus,33,Wie Barney es sieht.,34,Der Fluch der Kaiserin. Ein Richter- Di- Roman.,35,Sturmzeit. Roman.,36,Tage der Unschuld.,37,Lying Awake,38,To Kill a Mockingbird,39,Seabiscuit  An American Legend,40,Pigs in Heaven,
1,Classical Mythology,2,Clara Callan,3,Decision in Normandy,4,Flu  The Story of the Great Influenza Pandemic of 1918 and the Search for the Virus That Caused It,5,The Mummies of Urumchi,6,The Kitchen God's Wife,7,What If?  The World's Foremost Military Historians Imagine What Might Have Been,8,PLEADING GUILTY,9,Under the Black Flag  The Romance and the Reality of Life Among the Pirates,10,Where You'll Find Me  And Other Stories,11,Nights Below Station Street,12,Hitler's Secret Bankers  The Myth of Swiss Neutrality During the Holocaust,13,The Middle Stories,14,Jane Doe,15,A Second Chicken Soup for the Woman's Soul Chicken Soup for the Soul Series,16,The Witchfinder Amos Walker Mystery Series,17,More Cunning Than Man  A Social History of Rats and Man,18,Goodbye to the Buttermilk Sky,19,The Testament,20,Beloved Plume Contemporary Fiction,21,Our Dumb Century  The Onion Presents 100 Years of Headlines from America's Finest News Source,22,New Vegetarian  Bold and Beautiful Recipes for Every Occasion,23,If I'd Known Then What I Know Now  Why Not Learn from the Mistakes of Others?   You Can't Afford to Make Them All Yourself,24,Mary-Kate ,25,Tell Me This Isn't Happening,26,Flood   Mississippi 1927,27,Wild Animus,28,Airframe,29,Timeline,30,OUT OF THE SILENT PLANET,31,Prague   A Novel,32,Chocolate Jesus,33,Wie Barney es sieht.,34,Der Fluch der Kaiserin. Ein Richter- Di- Roman.,35,Sturmzeit. Roman.,36,Tage der Unschuld.,37,Lying Awake,38,To Kill a Mockingbird,39,Seabiscuit  An American Legend,40,Pigs in Heaven,41,Miss Zukas and the Raven's Dance,
1,Classical Mythology,2,Clara Callan,3,Decision in Normandy,4,Flu  The Story of the Great Influenza Pandemic of 1918 and the Search for the Virus That Caused It,5,The Mummies of Urumchi,6,The Kitchen God's Wife,7,What If?  The World's Foremost Military Historians Imagine What Might Have Been,8,PLEADING GUILTY,9,Under the Black Flag  The Romance and the Reality of Life Among the Pirates,10,Where You'll Find Me  And Other Stories,11,Nights Below Station Street,12,Hitler's Secret Bankers  The Myth of Swiss Neutrality During the Holocaust,13,The Middle Stories,14,Jane Doe,15,A Second Chicken Soup for the Woman's Soul Chicken Soup for the Soul Series,16,The Witchfinder Amos Walker Mystery Series,17,More Cunning Than Man  A Social History of Rats and Man,18,Goodbye to the Buttermilk Sky,19,The Testament,20,Beloved Plume Contemporary Fiction,21,Our Dumb Century  The Onion Presents 100 Years of Headlines from America's Finest News Source,22,New Vegetarian  Bold and Beautiful Recipes for Every Occasion,23,If I'd Known Then What I Know Now  Why Not Learn from the Mistakes of Others?   You Can't Afford to Make Them All Yourself,24,Mary-Kate ,25,Tell Me This Isn't Happening,26,Flood   Mississippi 1927,27,Wild Animus,28,Airframe,29,Timeline,30,OUT OF THE SILENT PLANET,31,Prague   A Novel,32,Chocolate Jesus,33,Wie Barney es sieht.,34,Der Fluch der Kaiserin. Ein Richter- Di- Roman.,35,Sturmzeit. Roman.,36,Tage der Unschuld.,37,Lying Awake,38,To Kill a Mockingbird,39,Seabiscuit  An American Legend,40,Pigs in Heaven,41,Miss Zukas and the Raven's Dance,42,Pride and Prejudice,
1,Classical Mythology,2,Clara Callan,3,Decision in Normandy,4,Flu  The Story of the Great Influenza Pandemic of 1918 and the Search for the Virus That Caused It,5,The Mummies of Urumchi,6,The Kitchen God's Wife,7,What If?  The World's Foremost Military Historians Imagine What Might Have Been,8,PLEADING GUILTY,9,Under the Black Flag  The Romance and the Reality of Life Among the Pirates,10,Where You'll Find Me  And Other Stories,11,Nights Below Station Street,12,Hitler's Secret Bankers  The Myth of Swiss Neutrality During the Holocaust,13,The Middle Stories,14,Jane Doe,15,A Second Chicken Soup for the Woman's Soul Chicken Soup for the Soul Series,16,The Witchfinder Amos Walker Mystery Series,17,More Cunning Than Man  A Social History of Rats and Man,18,Goodbye to the Buttermilk Sky,19,The Testament,20,Beloved Plume Contemporary Fiction,21,Our Dumb Century  The Onion Presents 100 Years of Headlines from America's Finest News Source,22,New Vegetarian  Bold and Beautiful Recipes for Every Occasion,23,If I'd Known Then What I Know Now  Why Not Learn from the Mistakes of Others?   You Can't Afford to Make Them All Yourself,24,Mary-Kate ,25,Tell Me This Isn't Happening,26,Flood   Mississippi 1927,27,Wild Animus,28,Airframe,29,Timeline,30,OUT OF THE SILENT PLANET,31,Prague   A Novel,32,Chocolate Jesus,33,Wie Barney es sieht.,34,Der Fluch der Kaiserin. Ein Richter- Di- Roman.,35,Sturmzeit. Roman.,36,Tage der Unschuld.,37,Lying Awake,38,To Kill a Mockingbird,39,Seabiscuit  An American Legend,40,Pigs in Heaven,41,Miss Zukas and the Raven's Dance,42,Pride and Prejudice,43,The Therapeutic Touch  How to Use Your Hands to Help or to Heal,
1,Classical Mythology,2,Clara Callan,3,Decision in Normandy,4,Flu  The Story of the Great Influenza Pandemic of 1918 and the Search for the Virus That Caused It,5,The Mummies of Urumchi,6,The Kitchen God's Wife,7,What If?  The World's Foremost Military Historians Imagine What Might Have Been,8,PLEADING GUILTY,9,Under the Black Flag  The Romance and the Reality of Life Among the Pirates,10,Where You'll Find Me  And Other Stories,11,Nights Below Station Street,12,Hitler's Secret Bankers  The Myth of Swiss Neutrality During the Holocaust,13,The Middle Stories,14,Jane Doe,15,A Second Chicken Soup for the Woman's Soul Chicken Soup for the Soul Series,16,The Witchfinder Amos Walker Mystery Series,17,More Cunning Than Man  A Social History of Rats and Man,18,Goodbye to the Buttermilk Sky,19,The Testament,20,Beloved Plume Contemporary Fiction,21,Our Dumb Century  The Onion Presents 100 Years of Headlines from America's Finest News Source,22,New Vegetarian  Bold and Beautiful Recipes for Every Occasion,23,If I'd Known Then What I Know Now  Why Not Learn from the Mistakes of Others?   You Can't Afford to Make Them All Yourself,24,Mary-Kate ,25,Tell Me This Isn't Happening,26,Flood   Mississippi 1927,27,Wild Animus,28,Airframe,29,Timeline,30,OUT OF THE SILENT PLANET,31,Prague   A Novel,32,Chocolate Jesus,33,Wie Barney es sieht.,34,Der Fluch der Kaiserin. Ein Richter- Di- Roman.,35,Sturmzeit. Roman.,36,Tage der Unschuld.,37,Lying Awake,38,To Kill a Mockingbird,39,Seabiscuit  An American Legend,40,Pigs in Heaven,41,Miss Zukas and the Raven's Dance,42,Pride and Prejudice,43,The Therapeutic Touch  How to Use Your Hands to Help or to Heal,44,Downtown,
1,Classical Mythology,2,Clara Callan,3,Decision in Normandy,4,Flu  The Story of the Great Influenza Pandemic of 1918 and the Search for the Virus That Caused It,5,The Mummies of Urumchi,6,The Kitchen God's Wife,7,What If?  The World's Foremost Military Historians Imagine What Might Have Been,8,PLEADING GUILTY,9,Under the Black Flag  The Romance and the Reality of Life Among the Pirates,10,Where You'll Find Me  And Other Stories,11,Nights Below Station Street,12,Hitler's Secret Bankers  The Myth of Swiss Neutrality During the Holocaust,13,The Middle Stories,14,Jane Doe,15,A Second Chicken Soup for the Woman's Soul Chicken Soup for the Soul Series,16,The Witchfinder Amos Walker Mystery Series,17,More Cunning Than Man  A Social History of Rats and Man,18,Goodbye to the Buttermilk Sky,19,The Testament,20,Beloved Plume Contemporary Fiction,21,Our Dumb Century  The Onion Presents 100 Years of Headlines from America's Finest News Source,22,New Vegetarian  Bold and Beautiful Recipes for Every Occasion,23,If I'd Known Then What I Know Now  Why Not Learn from the Mistakes of Others?   You Can't Afford to Make Them All Yourself,24,Mary-Kate ,25,Tell Me This Isn't Happening,26,Flood   Mississippi 1927,27,Wild Animus,28,Airframe,29,Timeline,30,OUT OF THE SILENT PLANET,31,Prague   A Novel,32,Chocolate Jesus,33,Wie Barney es sieht.,34,Der Fluch der Kaiserin. Ein Richter- Di- Roman.,35,Sturmzeit. Roman.,36,Tage der Unschuld.,37,Lying Awake,38,To Kill a Mockingbird,39,Seabiscuit  An American Legend,40,Pigs in Heaven,41,Miss Zukas and the Raven's Dance,42,Pride and Prejudice,43,The Therapeutic Touch  How to Use Your Hands to Help or to Heal,44,Downtown,45,Icebound,
1,Classical Mythology,2,Clara Callan,3,Decision in Normandy,4,Flu  The Story of the Great Influenza Pandemic of 1918 and the Search for the Virus That Caused It,5,The Mummies of Urumchi,6,The Kitchen God's Wife,7,What If?  The World's Foremost Military Historians Imagine What Might Have Been,8,PLEADING GUILTY,9,Under the Black Flag  The Romance and the Reality of Life Among the Pirates,10,Where You'll Find Me  And Other Stories,11,Nights Below Station Street,12,Hitler's Secret Bankers  The Myth of Swiss Neutrality During the Holocaust,13,The Middle Stories,14,Jane Doe,15,A Second Chicken Soup for the Woman's Soul Chicken Soup for the Soul Series,16,The Witchfinder Amos Walker Mystery Series,17,More Cunning Than Man  A Social History of Rats and Man,18,Goodbye to the Buttermilk Sky,19,The Testament,20,Beloved Plume Contemporary Fiction,21,Our Dumb Century  The Onion Presents 100 Years of Headlines from America's Finest News Source,22,New Vegetarian  Bold and Beautiful Recipes for Every Occasion,23,If I'd Known Then What I Know Now  Why Not Learn from the Mistakes of Others?   You Can't Afford to Make Them All Yourself,24,Mary-Kate ,25,Tell Me This Isn't Happening,26,Flood   Mississippi 1927,27,Wild Animus,28,Airframe,29,Timeline,30,OUT OF THE SILENT PLANET,31,Prague   A Novel,32,Chocolate Jesus,33,Wie Barney es sieht.,34,Der Fluch der Kaiserin. Ein Richter- Di- Roman.,35,Sturmzeit. Roman.,36,Tage der Unschuld.,37,Lying Awake,38,To Kill a Mockingbird,39,Seabiscuit  An American Legend,40,Pigs in Heaven,41,Miss Zukas and the Raven's Dance,42,Pride and Prejudice,43,The Therapeutic Touch  How to Use Your Hands to Help or to Heal,44,Downtown,45,Icebound,46,I'll Be Seeing You,
1,Classical Mythology,2,Clara Callan,3,Decision in Normandy,4,Flu  The Story of the Great Influenza Pandemic of 1918 and the Search for the Virus That Caused It,5,The Mummies of Urumchi,6,The Kitchen God's Wife,7,What If?  The World's Foremost Military Historians Imagine What Might Have Been,8,PLEADING GUILTY,9,Under the Black Flag  The Romance and the Reality of Life Among the Pirates,10,Where You'll Find Me  And Other Stories,11,Nights Below Station Street,12,Hitler's Secret Bankers  The Myth of Swiss Neutrality During the Holocaust,13,The Middle Stories,14,Jane Doe,15,A Second Chicken Soup for the Woman's Soul Chicken Soup for the Soul Series,16,The Witchfinder Amos Walker Mystery Series,17,More Cunning Than Man  A Social History of Rats and Man,18,Goodbye to the Buttermilk Sky,19,The Testament,20,Beloved Plume Contemporary Fiction,21,Our Dumb Century  The Onion Presents 100 Years of Headlines from America's Finest News Source,22,New Vegetarian  Bold and Beautiful Recipes for Every Occasion,23,If I'd Known Then What I Know Now  Why Not Learn from the Mistakes of Others?   You Can't Afford to Make Them All Yourself,24,Mary-Kate ,25,Tell Me This Isn't Happening,26,Flood   Mississippi 1927,27,Wild Animus,28,Airframe,29,Timeline,30,OUT OF THE SILENT PLANET,31,Prague   A Novel,32,Chocolate Jesus,33,Wie Barney es sieht.,34,Der Fluch der Kaiserin. Ein Richter- Di- Roman.,35,Sturmzeit. Roman.,36,Tage der Unschuld.,37,Lying Awake,38,To Kill a Mockingbird,39,Seabiscuit  An American Legend,40,Pigs in Heaven,41,Miss Zukas and the Raven's Dance,42,Pride and Prejudice,43,The Therapeutic Touch  How to Use Your Hands to Help or to Heal,44,Downtown,45,Icebound,46,I'll Be Seeing You,47,From the Corner of His Eye,
1,Classical Mythology,2,Clara Callan,3,Decision in Normandy,4,Flu  The Story of the Great Influenza Pandemic of 1918 and the Search for the Virus That Caused It,5,The Mummies of Urumchi,6,The Kitchen God's Wife,7,What If?  The World's Foremost Military Historians Imagine What Might Have Been,8,PLEADING GUILTY,9,Under the Black Flag  The Romance and the Reality of Life Among the Pirates,10,Where You'll Find Me  And Other Stories,11,Nights Below Station Street,12,Hitler's Secret Bankers  The Myth of Swiss Neutrality During the Holocaust,13,The Middle Stories,14,Jane Doe,15,A Second Chicken Soup for the Woman's Soul Chicken Soup for the Soul Series,16,The Witchfinder Amos Walker Mystery Series,17,More Cunning Than Man  A Social History of Rats and Man,18,Goodbye to the Buttermilk Sky,19,The Testament,20,Beloved Plume Contemporary Fiction,21,Our Dumb Century  The Onion Presents 100 Years of Headlines from America's Finest News Source,22,New Vegetarian  Bold and Beautiful Recipes for Every Occasion,23,If I'd Known Then What I Know Now  Why Not Learn from the Mistakes of Others?   You Can't Afford to Make Them All Yourself,24,Mary-Kate ,25,Tell Me This Isn't Happening,26,Flood   Mississippi 1927,27,Wild Animus,28,Airframe,29,Timeline,30,OUT OF THE SILENT PLANET,31,Prague   A Novel,32,Chocolate Jesus,33,Wie Barney es sieht.,34,Der Fluch der Kaiserin. Ein Richter- Di- Roman.,35,Sturmzeit. Roman.,36,Tage der Unschuld.,37,Lying Awake,38,To Kill a Mockingbird,39,Seabiscuit  An American Legend,40,Pigs in Heaven,41,Miss Zukas and the Raven's Dance,42,Pride and Prejudice,43,The Therapeutic Touch  How to Use Your Hands to Help or to Heal,44,Downtown,45,Icebound,46,I'll Be Seeing You,47,From the Corner of His Eye,48,Isle of Dogs,
1,Classical Mythology,2,Clara Callan,3,Decision in Normandy,4,Flu  The Story of the Great Influenza Pandemic of 1918 and the Search for the Virus That Caused It,5,The Mummies of Urumchi,6,The Kitchen God's Wife,7,What If?  The World's Foremost Military Historians Imagine What Might Have Been,8,PLEADING GUILTY,9,Under the Black Flag  The Romance and the Reality of Life Among the Pirates,10,Where You'll Find Me  And Other Stories,11,Nights Below Station Street,12,Hitler's Secret Bankers  The Myth of Swiss Neutrality During the Holocaust,13,The Middle Stories,14,Jane Doe,15,A Second Chicken Soup for the Woman's Soul Chicken Soup for the Soul Series,16,The Witchfinder Amos Walker Mystery Series,17,More Cunning Than Man  A Social History of Rats and Man,18,Goodbye to the Buttermilk Sky,19,The Testament,20,Beloved Plume Contemporary Fiction,21,Our Dumb Century  The Onion Presents 100 Years of Headlines from America's Finest News Source,22,New Vegetarian  Bold and Beautiful Recipes for Every Occasion,23,If I'd Known Then What I Know Now  Why Not Learn from the Mistakes of Others?   You Can't Afford to Make Them All Yourself,24,Mary-Kate ,25,Tell Me This Isn't Happening,26,Flood   Mississippi 1927,27,Wild Animus,28,Airframe,29,Timeline,30,OUT OF THE SILENT PLANET,31,Prague   A Novel,32,Chocolate Jesus,33,Wie Barney es sieht.,34,Der Fluch der Kaiserin. Ein Richter- Di- Roman.,35,Sturmzeit. Roman.,36,Tage der Unschuld.,37,Lying Awake,38,To Kill a Mockingbird,39,Seabiscuit  An American Legend,40,Pigs in Heaven,41,Miss Zukas and the Raven's Dance,42,Pride and Prejudice,43,The Therapeutic Touch  How to Use Your Hands to Help or to Heal,44,Downtown,45,Icebound,46,I'll Be Seeing You,47,From the Corner of His Eye,48,Isle of Dogs,49,Purity in Death,
1,Classical Mythology,2,Clara Callan,3,Decision in Normandy,4,Flu  The Story of the Great Influenza Pandemic of 1918 and the Search for the Virus That Caused It,5,The Mummies of Urumchi,6,The Kitchen God's Wife,7,What If?  The World's Foremost Military Historians Imagine What Might Have Been,8,PLEADING GUILTY,9,Under the Black Flag  The Romance and the Reality of Life Among the Pirates,10,Where You'll Find Me  And Other Stories,11,Nights Below Station Street,12,Hitler's Secret Bankers  The Myth of Swiss Neutrality During the Holocaust,13,The Middle Stories,14,Jane Doe,15,A Second Chicken Soup for the Woman's Soul Chicken Soup for the Soul Series,16,The Witchfinder Amos Walker Mystery Series,17,More Cunning Than Man  A Social History of Rats and Man,18,Goodbye to the Buttermilk Sky,19,The Testament,20,Beloved Plume Contemporary Fiction,21,Our Dumb Century  The Onion Presents 100 Years of Headlines from America's Finest News Source,22,New Vegetarian  Bold and Beautiful Recipes for Every Occasion,23,If I'd Known Then What I Know Now  Why Not Learn from the Mistakes of Others?   You Can't Afford to Make Them All Yourself,24,Mary-Kate ,25,Tell Me This Isn't Happening,26,Flood   Mississippi 1927,27,Wild Animus,28,Airframe,29,Timeline,30,OUT OF THE SILENT PLANET,31,Prague   A Novel,32,Chocolate Jesus,33,Wie Barney es sieht.,34,Der Fluch der Kaiserin. Ein Richter- Di- Roman.,35,Sturmzeit. Roman.,36,Tage der Unschuld.,37,Lying Awake,38,To Kill a Mockingbird,39,Seabiscuit  An American Legend,40,Pigs in Heaven,41,Miss Zukas and the Raven's Dance,42,Pride and Prejudice,43,The Therapeutic Touch  How to Use Your Hands to Help or to Heal,44,Downtown,45,Icebound,46,I'll Be Seeing You,47,From the Corner of His Eye,48,Isle of Dogs,49,Purity in Death,50,This Year It Will Be Different  And Other Stories,
