1,admin@mail.bg,pass
2,ivan@mail.bg,pass
3,petar@mail.bg,pass
4,ivailo@mail.bg,pass
5,petak@mail.bg,pass
6,zori@mail.bg,pass
7,izaura@mail.bg,pass
8,ferhunde@mail.bg,pass
9,petq-gergana@mail.bg,pass
10,milkov@mail.bg,pass
11,svilen@mail.bg,pass
12,jordanov@mail.bg,pass
13,georgiev@mail.bg,pass
14,gg@mail.bg,pass
15,petarpetrov@mail.bg,pass
16,vasilGudzhev@mail.bg,pass
17,vgudzhev@mail.bg,pass
18,katq@mail.bg,pass
19,bogoy@mail.bg,pass
20,silvia@mail.bg,pass
21,nadia@mail.bg,pass
22,mitko@mail.bg,pass
23,silvena@mail.bg,pass
24,jeki@mail.bg,pass
25,stambata@mail.bg,pass
26,an@mail.bg,pass
27,stoyan@mail.bg,pass
28,dimana@mail.bg,pass
29,pavkata@mail.bg,pass
30,mitaheto@mail.bg,pass
